,Company,Inches,ScreenResolution,Cpu,Ram,Memory,Gpu,OpSys,Price_euros
0,0,13.3,0.0,52.0,8,4.0,43.0,0,1339.69
1,0,13.3,1.0,19.0,8,2.0,38.0,0,898.94
2,1,15.6,2.0,94.0,8,15.0,40.0,1,575.0
3,0,15.4,3.0,49.0,16,27.0,6.0,0,2537.45
4,0,13.3,0.0,34.0,8,15.0,44.0,0,1803.6
5,2,15.6,4.0,7.0,4,24.0,13.0,2,400.0
6,0,15.4,3.0,75.0,16,14.0,45.0,3,2139.97
7,0,13.3,1.0,19.0,8,14.0,38.0,0,1158.7
8,3,14.0,2.0,17.0,16,27.0,69.0,2,1495.0
9,2,14.0,5.0,26.0,8,15.0,46.0,2,770.0
10,1,15.6,4.0,94.0,4,24.0,40.0,1,393.9
11,1,15.6,2.0,6.0,4,24.0,35.0,1,344.99
12,0,15.4,3.0,13.0,16,15.0,7.0,0,2439.97
13,4,15.6,2.0,6.0,4,15.0,18.0,2,498.9
14,0,12.0,17.0,36.0,8,15.0,39.0,0,1262.4
15,0,13.3,0.0,52.0,8,15.0,43.0,0,1518.55
16,4,15.6,2.0,65.0,8,15.0,18.0,2,745.0
17,0,15.4,3.0,100.0,16,27.0,8.0,0,2858.0
18,5,15.6,2.0,90.0,8,10.0,52.0,1,499.0
19,4,13.3,6.0,26.0,8,4.0,46.0,2,979.0
20,3,11.6,4.0,11.0,2,21.0,29.0,2,191.9
21,5,15.6,5.0,8.0,8,,54.0,2,999.0
22,1,15.6,4.0,44.0,4,24.0,9.0,1,258.0
23,4,13.3,7.0,26.0,8,15.0,46.0,2,819.0
24,1,15.6,2.0,17.0,8,15.0,40.0,2,659.0
25,4,15.6,4.0,6.0,4,10.0,35.0,2,418.64
26,0,13.3,1.0,14.0,8,2.0,38.0,3,1099.0
27,4,15.6,2.0,26.0,8,15.0,5.0,2,800.0
28,4,15.6,2.0,77.0,8,,46.0,2,1298.0
29,1,17.3,2.0,26.0,8,10.0,51.0,2,896.0
30,6,15.6,2.0,32.0,4,32.0,28.0,2,244.99
31,3,14.0,4.0,53.0,2,21.0,9.0,2,199.0
32,1,17.3,2.0,74.0,4,24.0,5.0,2,439.0
33,4,13.3,8.0,17.0,16,27.0,46.0,2,1869.0
34,0,13.3,1.0,14.0,8,14.0,38.0,3,998.0
35,5,14.0,4.0,66.0,4,32.0,31.0,2,249.0
36,2,15.6,4.0,22.0,4,10.0,40.0,4,367.0
37,4,17.3,5.0,26.0,8,,5.0,2,979.0
38,1,15.6,4.0,94.0,4,10.0,40.0,2,488.69
39,1,15.6,2.0,26.0,8,15.0,,2,879.0
40,3,15.6,2.0,6.0,4,10.0,40.0,4,389.0
41,4,15.6,5.0,43.0,16,,57.0,2,1499.0
42,3,15.6,4.0,94.0,8,10.0,52.0,4,522.99
43,2,15.6,5.0,26.0,4,15.0,46.0,2,682.0
44,4,17.3,7.0,26.0,12,10.0,47.0,2,999.0
45,0,13.3,0.0,,8,15.0,41.0,0,1419.0
46,5,15.6,4.0,6.0,4,4.0,35.0,1,369.0
47,3,17.3,2.0,56.0,8,,26.0,2,1299.0
48,4,15.6,2.0,94.0,4,15.0,18.0,2,639.0
49,3,17.3,4.0,88.0,4,10.0,49.0,2,466.0
50,5,10.1,9.0,2.0,4,32.0,29.0,5,319.0
51,2,15.6,5.0,17.0,8,15.0,69.0,2,841.0
52,1,15.6,2.0,74.0,4,15.0,12.0,2,398.49
53,1,13.3,2.0,17.0,8,27.0,46.0,2,1103.0
54,2,15.6,4.0,90.0,4,10.0,40.0,2,384.0
55,4,15.6,2.0,17.0,8,15.0,4.0,2,767.8
56,1,15.6,2.0,6.0,4,4.0,35.0,2,439.0
57,3,15.6,4.0,94.0,4,15.0,40.0,2,586.19
58,7,17.3,2.0,43.0,16,,58.0,2,2449.0
59,3,15.6,2.0,6.0,4,15.0,35.0,4,415.0
60,4,17.3,2.0,17.0,16,,5.0,2,1299.0
61,4,14.0,2.0,26.0,8,15.0,46.0,2,879.0
62,5,14.0,5.0,22.0,8,15.0,40.0,1,599.0
63,3,14.0,2.0,26.0,8,15.0,46.0,2,941.0
64,1,15.6,2.0,94.0,8,15.0,40.0,2,690.0
65,3,15.6,2.0,43.0,16,27.0,55.0,2,1983.0
66,1,15.6,4.0,6.0,4,24.0,4.0,2,438.69
67,1,14.0,4.0,68.0,4,23.0,29.0,2,229.0
68,5,15.6,2.0,94.0,4,10.0,40.0,2,549.0
69,3,17.3,2.0,43.0,12,10.0,55.0,4,949.0
70,8,13.5,10.0,94.0,4,4.0,40.0,6,1089.0
71,4,13.3,5.0,17.0,8,15.0,5.0,2,955.0
72,4,15.6,2.0,17.0,8,15.0,5.0,2,870.0
73,7,17.3,2.0,8.0,8,,54.0,2,1095.0
74,2,14.0,4.0,6.0,8,10.0,35.0,2,389.0
75,3,15.6,2.0,43.0,8,10.0,54.0,2,949.0
76,5,15.6,2.0,94.0,8,20.0,40.0,1,519.0
77,4,15.6,2.0,17.0,8,,46.0,2,855.0
78,2,15.6,2.0,22.0,4,10.0,68.0,2,530.0
79,1,17.3,2.0,26.0,8,,51.0,2,977.0
80,4,15.6,5.0,26.0,8,15.0,46.0,2,1096.16
81,0,12.0,17.0,67.0,8,27.0,39.0,0,1510.0
82,1,14.0,2.0,26.0,8,15.0,40.0,2,860.0
83,5,15.6,2.0,74.0,4,4.0,,2,399.0
84,2,15.6,4.0,7.0,4,10.0,13.0,2,395.0
85,4,15.6,5.0,43.0,16,,55.0,2,1349.0
86,1,15.6,5.0,17.0,8,15.0,61.0,2,699.0
87,1,15.6,2.0,94.0,8,15.0,40.0,2,598.99
88,3,15.6,5.0,43.0,16,,57.0,2,1449.0
89,4,13.3,5.0,17.0,8,15.0,46.0,2,1649.0
90,3,15.6,2.0,78.0,8,10.0,25.0,2,699.0
91,2,15.6,2.0,17.0,8,10.0,69.0,2,689.0
92,1,13.3,2.0,17.0,16,27.0,46.0,2,1197.0
93,4,15.6,2.0,8.0,8,15.0,57.0,2,1195.0
94,3,14.0,2.0,65.0,8,15.0,40.0,2,1049.0
95,2,13.3,6.0,26.0,8,15.0,46.0,2,847.0
96,4,15.6,2.0,65.0,8,10.0,18.0,4,599.9
97,4,15.6,2.0,6.0,4,15.0,18.0,4,485.0
98,3,15.6,2.0,90.0,6,15.0,48.0,2,577.0
99,1,15.6,5.0,43.0,12,,54.0,2,1249.0
100,1,15.6,2.0,65.0,8,15.0,5.0,2,719.0
101,1,15.6,2.0,44.0,4,24.0,9.0,2,349.0
102,4,15.6,2.0,26.0,8,10.0,4.0,4,647.0
103,1,13.3,5.0,65.0,8,15.0,69.0,2,1119.0
104,8,13.5,10.0,94.0,8,15.0,40.0,6,1340.0
105,1,14.0,5.0,94.0,6,15.0,52.0,2,659.0
106,5,15.6,2.0,6.0,4,10.0,35.0,2,414.9
107,3,14.0,5.0,65.0,8,15.0,52.0,2,1193.0
108,7,15.6,2.0,43.0,16,,55.0,2,1299.0
109,5,14.0,5.0,65.0,8,15.0,40.0,2,1480.0
110,3,15.6,2.0,17.0,16,,69.0,2,1262.0
111,4,13.3,11.0,18.0,8,15.0,43.0,2,1379.0
112,5,13.3,6.0,94.0,8,15.0,40.0,2,1399.0
113,1,14.0,20.0,26.0,4,24.0,46.0,2,722.0
114,4,13.3,5.0,26.0,8,15.0,46.0,2,1629.0
115,1,13.3,6.0,26.0,8,15.0,46.0,2,1398.99
116,1,14.0,2.0,17.0,8,27.0,46.0,2,1084.0
117,4,15.6,5.0,17.0,8,,52.0,2,1130.33
118,3,17.3,2.0,6.0,4,10.0,49.0,2,564.0
119,3,15.6,2.0,17.0,8,15.0,52.0,2,1118.0
120,2,15.6,6.0,90.0,6,10.0,40.0,2,479.0
121,7,15.6,2.0,43.0,16,,58.0,2,2241.5
122,5,15.6,2.0,94.0,8,15.0,52.0,1,629.0
123,1,17.3,2.0,17.0,16,27.0,,2,1271.0
124,2,15.6,4.0,7.0,4,15.0,13.0,2,451.0
125,1,15.6,4.0,68.0,4,24.0,29.0,1,259.0
126,1,14.0,2.0,26.0,8,10.0,46.0,2,812.0
127,3,14.0,4.0,24.0,4,34.0,9.0,6,277.99
128,4,17.3,2.0,17.0,16,,5.0,2,1396.0
129,1,17.3,2.0,26.0,8,15.0,46.0,2,928.0
130,4,15.6,4.0,94.0,8,10.0,22.0,2,638.99
131,4,15.6,2.0,6.0,4,10.0,18.0,2,449.0
132,2,14.0,5.0,17.0,8,15.0,46.0,2,884.0
133,2,15.6,2.0,22.0,4,15.0,68.0,2,572.0
134,1,15.6,4.0,65.0,8,10.0,40.0,2,598.0
135,1,14.0,2.0,17.0,8,15.0,46.0,2,988.0
136,5,15.6,4.0,66.0,4,10.0,31.0,1,252.36
137,3,17.3,2.0,8.0,8,,54.0,2,938.0
138,5,15.6,2.0,94.0,4,10.0,49.0,1,499.0
139,1,13.3,5.0,94.0,4,15.0,40.0,2,699.0
140,2,17.3,5.0,22.0,4,10.0,68.0,2,655.0
141,5,14.0,5.0,26.0,8,15.0,24.0,2,1116.02
142,5,15.6,5.0,43.0,8,15.0,56.0,1,869.0
143,9,15.6,4.0,0.0,4,24.0,35.0,2,602.0
144,1,15.6,4.0,74.0,4,15.0,12.0,2,369.0
145,3,14.0,2.0,17.0,8,15.0,46.0,2,1099.0
146,1,12.5,13.0,76.0,8,27.0,34.0,2,2014.0
147,3,15.6,2.0,66.0,4,10.0,31.0,2,344.0
148,7,17.3,2.0,43.0,16,,58.0,2,2029.0
149,2,15.6,4.0,6.0,4,10.0,35.0,2,447.0
150,4,15.6,2.0,43.0,16,27.0,54.0,2,1249.26
151,4,15.6,2.0,43.0,8,1.0,54.0,2,899.0
152,5,15.6,4.0,94.0,4,4.0,40.0,2,498.0
153,7,17.3,2.0,43.0,16,,57.0,2,1890.0
154,1,14.0,2.0,80.0,4,15.0,40.0,2,1082.0
155,1,15.6,2.0,26.0,6,15.0,4.0,2,619.0
156,5,14.0,6.0,90.0,4,15.0,40.0,2,629.0
157,3,13.3,7.0,26.0,8,15.0,40.0,2,1315.0
158,4,15.6,7.0,17.0,8,15.0,46.0,2,1049.0
159,9,15.6,4.0,59.0,4,24.0,35.0,2,447.0
160,3,15.6,4.0,7.0,4,10.0,16.0,2,403.0
161,2,17.3,5.0,26.0,4,15.0,69.0,2,805.0
162,4,15.6,2.0,26.0,8,15.0,4.0,2,728.0
163,5,15.6,5.0,43.0,16,15.0,55.0,2,1079.0
164,2,15.6,4.0,66.0,4,10.0,31.0,2,348.0
165,7,15.6,5.0,43.0,16,,57.0,2,1799.0
166,2,15.6,4.0,88.0,4,10.0,32.0,2,363.51
167,4,15.6,2.0,43.0,8,,54.0,2,1060.49
168,2,17.3,5.0,26.0,8,15.0,69.0,2,854.0
169,1,13.3,5.0,26.0,4,24.0,46.0,2,754.0
170,10,13.0,16.0,94.0,8,15.0,40.0,2,1349.0
171,1,17.3,5.0,94.0,6,20.0,4.0,2,699.0
172,5,15.6,4.0,,4,24.0,12.0,1,309.0
173,9,15.6,4.0,90.0,4,24.0,40.0,2,489.0
174,1,17.3,2.0,26.0,8,15.0,51.0,2,923.0
175,4,15.6,4.0,90.0,8,10.0,40.0,2,459.0
176,2,15.6,4.0,6.0,4,4.0,35.0,2,449.0
177,7,18.4,2.0,15.0,32,,70.0,2,2799.0
178,5,15.6,2.0,94.0,8,,3.0,2,813.0
179,1,13.3,13.0,26.0,8,15.0,46.0,2,1499.0
180,4,15.6,2.0,17.0,16,,5.0,4,1049.0
181,4,13.3,2.0,26.0,8,15.0,46.0,2,1399.0
182,5,13.9,13.0,17.0,16,27.0,46.0,2,1849.0
183,9,15.6,4.0,94.0,8,4.0,40.0,2,793.0
184,11,15.6,5.0,26.0,8,15.0,69.0,1,1199.0
185,4,17.3,7.0,17.0,16,27.0,47.0,2,1549.0
186,4,15.6,14.0,43.0,16,27.0,54.0,2,2397.0
187,5,15.6,5.0,8.0,8,15.0,54.0,1,779.0
188,2,13.3,5.0,21.0,8,15.0,39.0,2,989.0
189,4,17.3,2.0,17.0,8,,5.0,2,1085.0
190,5,14.0,12.0,65.0,16,11.0,40.0,2,2824.0
191,12,14.0,5.0,66.0,4,21.0,31.0,2,260.0
192,11,13.3,5.0,94.0,8,15.0,69.0,1,999.9
193,5,17.3,19.0,26.0,8,15.0,69.0,1,698.0
194,4,13.3,6.0,17.0,8,10.0,46.0,2,839.0
195,1,17.3,5.0,26.0,8,10.0,51.0,2,914.0
196,13,17.3,14.0,73.0,32,11.0,60.0,2,6099.0
197,1,13.3,2.0,26.0,8,27.0,46.0,2,959.0
198,1,17.3,5.0,43.0,16,,54.0,2,1379.0
199,1,17.3,2.0,17.0,8,15.0,,2,1045.0
200,4,15.6,15.0,43.0,16,,57.0,2,1845.0
201,5,15.6,4.0,0.0,4,4.0,35.0,2,493.0
202,2,15.6,2.0,65.0,8,10.0,52.0,2,742.0
203,5,15.6,5.0,43.0,16,,57.0,2,1749.0
204,4,15.6,,69.0,16,,73.0,2,3055.0
205,5,15.6,2.0,43.0,16,27.0,57.0,1,1398.0
206,4,15.6,21.0,90.0,6,10.0,40.0,2,439.0
207,4,13.3,13.0,17.0,8,15.0,46.0,2,1949.0
208,4,13.3,2.0,17.0,8,15.0,46.0,2,1449.0
209,5,15.6,4.0,94.0,8,15.0,40.0,2,597.0
210,2,15.6,2.0,43.0,8,10.0,54.0,4,779.0
211,3,17.3,2.0,43.0,16,,54.0,2,1407.0
212,1,15.6,2.0,6.0,4,24.0,35.0,1,349.0
213,5,15.6,2.0,94.0,8,15.0,40.0,1,549.0
214,10,13.0,16.0,65.0,8,27.0,40.0,2,1499.0
215,4,13.3,5.0,17.0,8,15.0,5.0,2,931.88
216,5,17.3,19.0,94.0,8,10.0,61.0,1,589.0
217,1,14.0,2.0,17.0,8,15.0,51.0,2,1031.0
218,4,14.0,2.0,26.0,8,15.0,46.0,2,1149.0
219,4,13.3,7.0,17.0,16,27.0,46.0,2,1279.0
220,4,15.6,2.0,26.0,8,15.0,4.0,4,677.35
221,5,14.0,5.0,26.0,8,15.0,46.0,2,899.0
222,9,13.3,2.0,79.0,8,15.0,35.0,2,1363.0
223,1,15.6,2.0,26.0,8,10.0,46.0,2,794.0
224,4,17.3,5.0,43.0,16,,57.0,2,2456.34
225,2,15.6,2.0,65.0,8,15.0,52.0,2,832.0
226,4,15.6,7.0,65.0,16,10.0,22.0,2,859.01
227,3,15.6,2.0,94.0,8,15.0,,2,769.0
228,3,17.3,2.0,94.0,8,,62.0,2,891.0
229,1,15.6,2.0,65.0,8,10.0,,2,1269.0
230,3,15.6,4.0,90.0,4,10.0,40.0,2,398.99
231,1,15.6,4.0,30.0,4,24.0,9.0,2,330.0
232,5,15.6,5.0,43.0,16,,57.0,2,1499.0
233,4,14.0,2.0,94.0,8,15.0,40.0,2,859.0
234,2,13.3,6.0,0.0,8,15.0,35.0,2,689.0
235,4,15.6,2.0,65.0,16,15.0,22.0,4,899.0
236,2,15.6,4.0,6.0,4,10.0,35.0,4,390.0
237,3,15.6,2.0,33.0,4,,18.0,2,575.0
238,3,17.3,2.0,73.0,32,,60.0,2,3890.0
239,2,15.6,5.0,8.0,8,15.0,54.0,2,846.0
240,5,15.6,4.0,6.0,8,4.0,35.0,2,589.0
241,3,17.3,2.0,17.0,8,,47.0,2,1145.0
242,3,17.3,2.0,65.0,8,,62.0,1,889.0
243,4,15.6,2.0,8.0,8,15.0,54.0,2,879.0
244,5,13.9,6.0,65.0,8,15.0,40.0,2,1079.0
245,4,15.6,2.0,17.0,8,,5.0,2,985.0
246,1,15.6,21.0,94.0,8,10.0,40.0,2,559.0
247,3,17.3,2.0,73.0,16,15.0,60.0,2,2999.0
248,1,13.3,5.0,26.0,4,24.0,46.0,2,675.0
249,0,13.3,0.0,34.0,8,27.0,44.0,0,2040.0
250,4,15.6,6.0,17.0,8,10.0,46.0,2,819.0
251,3,17.3,2.0,43.0,16,,67.0,2,1799.0
252,3,15.6,4.0,7.0,4,10.0,16.0,2,469.0
253,5,13.9,6.0,17.0,8,27.0,46.0,2,1849.0
254,2,17.3,5.0,22.0,4,15.0,68.0,2,702.0
255,4,13.3,2.0,26.0,8,15.0,46.0,2,949.0
256,1,15.6,4.0,46.0,8,4.0,12.0,2,445.9
257,1,17.3,5.0,17.0,16,10.0,69.0,2,1059.0
258,7,17.3,2.0,43.0,16,,58.0,2,2499.0
259,5,15.6,6.0,43.0,8,27.0,56.0,2,1699.0
260,4,17.3,2.0,17.0,8,,5.0,2,1142.0
261,5,15.6,2.0,6.0,4,15.0,35.0,1,444.0
262,1,15.6,5.0,26.0,4,24.0,40.0,2,722.0
263,4,15.6,2.0,94.0,4,10.0,40.0,2,657.0
264,4,15.6,2.0,94.0,8,10.0,18.0,2,565.0
265,4,15.6,7.0,26.0,8,15.0,46.0,2,799.0
266,3,13.3,7.0,17.0,8,,46.0,2,1499.0
267,5,15.6,2.0,94.0,4,10.0,40.0,1,467.0
268,1,17.3,2.0,17.0,8,10.0,,2,1018.0
269,5,15.6,2.0,17.0,8,15.0,46.0,2,880.0
270,0,13.3,0.0,,8,27.0,42.0,0,1958.9
271,3,17.3,2.0,56.0,16,,26.0,2,1549.0
272,4,15.6,2.0,17.0,8,15.0,4.0,4,735.07
273,5,14.0,12.0,81.0,16,27.0,35.0,2,2499.0
274,9,15.6,4.0,79.0,8,24.0,50.0,2,812.0
275,4,15.6,4.0,65.0,12,10.0,40.0,2,713.07
276,4,17.3,2.0,17.0,8,,5.0,4,1099.0
277,2,15.6,5.0,17.0,8,10.0,68.0,2,745.0
278,5,17.3,19.0,6.0,4,10.0,35.0,2,489.0
279,5,17.3,2.0,17.0,8,20.0,69.0,1,849.0
280,5,17.3,19.0,65.0,6,,52.0,2,859.0
281,4,15.6,2.0,60.0,4,10.0,18.0,4,428.0
282,5,15.6,5.0,8.0,8,15.0,54.0,2,829.0
283,5,15.6,2.0,94.0,6,15.0,40.0,2,579.0
284,2,15.6,5.0,17.0,8,15.0,69.0,2,951.0
285,2,15.6,6.0,65.0,12,10.0,40.0,2,659.0
286,5,15.6,5.0,65.0,8,15.0,,2,1097.0
287,3,15.6,2.0,94.0,8,15.0,52.0,2,977.0
288,5,15.6,5.0,43.0,16,,55.0,2,1179.0
289,5,15.6,2.0,65.0,8,10.0,52.0,1,659.01
290,2,15.6,4.0,70.0,2,8.0,28.0,7,199.0
291,3,17.3,2.0,43.0,8,10.0,54.0,2,1187.0
292,1,17.3,19.0,6.0,8,10.0,35.0,2,489.0
293,4,15.6,2.0,43.0,8,15.0,54.0,2,1829.0
294,5,15.6,2.0,26.0,8,15.0,46.0,2,739.0
295,5,15.6,5.0,43.0,8,10.0,57.0,2,1299.0
296,2,15.6,2.0,43.0,8,15.0,55.0,4,979.0
297,4,17.3,2.0,62.0,16,15.0,73.0,2,2884.86
298,5,15.6,2.0,37.0,6,10.0,,2,499.0
299,3,15.6,2.0,65.0,16,27.0,52.0,2,1468.0
300,3,14.0,4.0,90.0,4,4.0,40.0,2,509.0
301,3,17.3,2.0,43.0,16,,58.0,2,2122.0
302,5,17.3,19.0,94.0,6,10.0,,2,649.0
303,5,15.6,4.0,94.0,8,20.0,52.0,1,549.0
304,3,15.6,2.0,43.0,8,,55.0,2,1265.0
305,5,15.6,4.0,88.0,4,10.0,32.0,1,359.99
306,1,13.3,7.0,,16,15.0,40.0,2,1975.0
307,9,15.6,5.0,79.0,8,15.0,50.0,2,1043.0
308,5,15.6,2.0,94.0,8,,52.0,2,819.0
309,1,15.6,2.0,6.0,4,10.0,35.0,2,469.0
310,5,13.3,5.0,94.0,8,15.0,40.0,2,999.0
311,4,13.3,13.0,17.0,16,11.0,46.0,2,2499.0
312,7,15.6,5.0,43.0,16,,58.0,2,2099.0
313,2,15.6,2.0,40.0,8,15.0,13.0,2,469.0
314,3,11.6,21.0,66.0,2,21.0,31.0,2,275.0
315,4,15.6,2.0,26.0,8,,5.0,2,844.0
316,1,13.3,13.0,17.0,16,11.0,46.0,2,2449.0
317,5,13.3,4.0,96.0,4,7.0,33.0,7,459.9
318,1,14.0,2.0,94.0,8,15.0,40.0,2,980.0
319,2,11.6,4.0,23.0,4,2.0,30.0,2,485.0
320,1,14.0,2.0,65.0,8,15.0,40.0,2,1292.0
321,5,17.3,19.0,94.0,4,10.0,49.0,2,589.0
322,3,14.0,2.0,65.0,8,15.0,40.0,2,1094.0
323,1,15.6,22.0,17.0,8,10.0,46.0,2,902.0
324,2,15.6,4.0,47.0,8,15.0,23.0,2,659.0
325,5,14.0,4.0,66.0,4,21.0,31.0,2,292.0
326,2,15.6,4.0,94.0,6,10.0,40.0,2,549.0
327,3,15.6,2.0,65.0,8,15.0,52.0,2,1049.9
328,1,12.5,2.0,65.0,8,15.0,40.0,2,1335.0
329,4,15.6,14.0,43.0,32,11.0,54.0,2,2639.0
330,7,17.3,2.0,43.0,8,,55.0,2,1199.0
331,9,15.6,5.0,94.0,8,15.0,40.0,2,943.0
332,3,14.0,2.0,65.0,8,,40.0,2,1334.0
333,5,15.6,2.0,6.0,4,10.0,35.0,2,449.0
334,3,15.6,2.0,43.0,8,15.0,54.0,2,999.0
335,1,14.0,2.0,29.0,8,15.0,40.0,2,1268.0
336,4,15.6,5.0,26.0,8,,52.0,2,1049.0
337,1,15.6,2.0,94.0,8,15.0,40.0,2,1144.0
338,3,15.6,4.0,66.0,4,10.0,31.0,4,274.99
339,4,15.6,2.0,26.0,8,15.0,52.0,2,1142.75
340,4,15.6,4.0,68.0,4,24.0,28.0,4,274.9
341,5,15.6,2.0,87.0,12,20.0,5.0,2,899.0
342,1,15.6,5.0,90.0,8,10.0,,2,716.0
343,5,13.9,13.0,17.0,16,27.0,46.0,2,2099.0
344,4,13.3,2.0,17.0,8,15.0,46.0,2,1579.0
345,5,15.6,5.0,43.0,16,,55.0,2,1129.0
346,1,14.0,4.0,68.0,2,21.0,29.0,2,279.0
347,4,15.6,2.0,77.0,16,,46.0,2,1607.96
348,3,11.6,21.0,66.0,4,21.0,31.0,2,375.0
349,4,15.6,2.0,26.0,8,10.0,5.0,2,663.0
350,4,15.6,14.0,43.0,16,27.0,54.0,2,2027.42
351,1,15.6,2.0,65.0,8,15.0,40.0,2,1304.0
352,7,17.3,2.0,43.0,8,,57.0,2,1409.0
353,1,15.6,2.0,43.0,8,15.0,73.0,2,1738.27
354,9,15.6,5.0,79.0,16,27.0,50.0,2,1403.0
355,4,15.6,2.0,17.0,8,,5.0,2,970.9
356,5,15.6,4.0,66.0,4,10.0,31.0,1,321.99
357,4,15.6,2.0,8.0,8,10.0,54.0,2,999.0
358,4,15.6,21.0,94.0,8,20.0,40.0,2,557.37
359,4,14.0,2.0,29.0,8,15.0,40.0,2,1427.0
360,1,15.6,4.0,6.0,4,24.0,35.0,2,439.0
361,3,14.0,2.0,94.0,8,15.0,40.0,2,945.0
362,5,17.3,19.0,94.0,6,,61.0,2,719.0
363,1,15.6,2.0,94.0,8,10.0,40.0,2,639.0
364,5,15.6,4.0,6.0,8,15.0,,1,499.0
365,1,15.6,4.0,23.0,8,20.0,30.0,2,389.0
366,4,17.3,2.0,26.0,8,,5.0,2,1085.0
367,5,15.6,5.0,8.0,8,,54.0,1,809.0
368,4,15.6,2.0,65.0,8,15.0,22.0,2,899.0
369,1,14.0,5.0,65.0,8,15.0,40.0,2,1750.0
370,3,15.6,7.0,65.0,12,,53.0,2,1099.0
371,2,15.6,4.0,7.0,4,4.0,13.0,2,426.0
372,3,17.3,5.0,56.0,16,,26.0,2,2199.0
373,5,17.3,19.0,40.0,4,4.0,13.0,2,489.0
374,4,13.3,7.0,17.0,8,15.0,46.0,2,869.01
375,1,15.6,2.0,7.0,4,15.0,13.0,2,488.99
376,5,11.6,20.0,25.0,4,4.0,31.0,2,553.0
377,4,15.6,4.0,,4,24.0,29.0,2,309.0
378,3,14.0,4.0,66.0,4,21.0,31.0,2,286.0
379,2,15.6,2.0,43.0,8,10.0,54.0,4,846.0
380,1,17.3,5.0,43.0,8,,54.0,2,1191.0
381,5,15.6,2.0,6.0,4,4.0,35.0,1,403.5
382,3,15.6,5.0,43.0,8,,57.0,2,1655.0
383,5,14.0,5.0,94.0,8,15.0,52.0,2,1099.0
384,3,13.3,7.0,65.0,16,27.0,40.0,2,1748.9
385,5,14.0,,65.0,8,27.0,40.0,2,2282.0
386,5,13.3,5.0,90.0,4,4.0,40.0,2,549.0
387,4,15.6,2.0,58.0,8,24.0,1.0,2,1369.0
388,4,15.6,5.0,48.0,8,15.0,73.0,2,2135.0
389,5,14.0,12.0,65.0,16,27.0,40.0,2,2509.0
390,3,17.3,2.0,43.0,8,10.0,54.0,2,1039.0
391,3,17.3,2.0,43.0,16,,55.0,2,1591.0
392,2,15.6,20.0,26.0,12,10.0,68.0,2,693.99
393,7,17.3,2.0,43.0,8,15.0,55.0,2,1349.0
394,4,15.6,2.0,65.0,8,15.0,22.0,4,778.87
395,1,15.6,2.0,7.0,4,15.0,4.0,2,499.0
396,5,15.6,5.0,17.0,8,15.0,24.0,2,1229.56
397,5,14.0,5.0,94.0,8,15.0,40.0,2,938.0
398,4,15.6,14.0,43.0,8,15.0,73.0,2,2712.0
399,5,14.0,,65.0,16,11.0,40.0,2,2625.0
400,5,15.6,4.0,66.0,4,10.0,31.0,2,306.0
401,3,17.3,2.0,43.0,16,,54.0,2,1529.0
402,5,15.6,5.0,26.0,8,,24.0,2,1144.5
403,2,15.6,2.0,43.0,8,15.0,54.0,4,879.0
404,7,17.3,2.0,43.0,16,,58.0,2,2249.0
405,3,14.0,2.0,65.0,8,27.0,40.0,2,1873.0
406,9,13.3,2.0,79.0,16,27.0,35.0,2,1747.0
407,4,14.0,2.0,,8,27.0,28.0,2,1680.0
408,5,15.6,2.0,6.0,4,24.0,35.0,2,409.0
409,5,11.6,4.0,66.0,2,21.0,31.0,2,304.45
410,5,15.6,2.0,43.0,8,27.0,73.0,2,1925.0
411,5,14.0,,43.0,8,27.0,53.0,2,1943.0
412,1,15.6,2.0,6.0,4,10.0,4.0,2,469.0
413,2,13.3,6.0,79.0,8,15.0,35.0,2,789.01
414,3,13.3,6.0,94.0,8,15.0,40.0,2,928.0
415,4,15.6,2.0,94.0,4,15.0,18.0,4,598.9
416,4,13.3,4.0,6.0,4,4.0,35.0,2,689.0
417,1,14.0,2.0,79.0,8,15.0,35.0,2,1500.0
418,4,15.6,4.0,94.0,8,10.0,40.0,2,539.95
419,5,14.0,5.0,17.0,8,15.0,24.0,2,1215.38
420,5,15.6,13.0,43.0,16,27.0,54.0,2,1899.0
421,6,12.3,18.0,25.0,6,32.0,31.0,2,449.0
422,1,15.6,2.0,62.0,8,15.0,,2,1427.0
423,3,15.6,2.0,90.0,8,10.0,52.0,4,597.0
424,4,17.3,,73.0,16,,58.0,2,2799.0
425,4,15.6,5.0,43.0,8,,55.0,2,1159.0
426,4,15.6,2.0,17.0,8,,5.0,2,1142.4
427,4,14.0,2.0,,8,15.0,40.0,4,1099.0
428,1,17.3,2.0,43.0,12,,58.0,2,1999.0
429,14,11.6,6.0,66.0,4,23.0,31.0,2,299.0
430,15,11.6,4.0,68.0,4,7.0,29.0,7,269.0
431,5,13.3,5.0,65.0,8,15.0,40.0,2,1010.0
432,5,14.0,5.0,22.0,4,4.0,40.0,2,599.0
433,5,15.6,15.0,,16,27.0,52.0,2,2445.0
434,5,15.6,2.0,62.0,16,27.0,76.0,2,2449.0
435,3,17.3,2.0,10.0,8,,26.0,2,1695.0
436,1,15.6,4.0,68.0,4,24.0,29.0,2,347.0
437,16,12.3,25.0,5.0,16,27.0,39.0,7,2199.0
438,5,14.0,23.0,65.0,24,27.0,40.0,2,2382.0
439,3,15.6,2.0,94.0,4,15.0,40.0,4,559.0
440,5,17.3,19.0,74.0,8,10.0,11.0,2,519.0
441,4,15.6,2.0,26.0,4,15.0,5.0,2,749.0
442,5,12.5,5.0,94.0,8,15.0,40.0,2,1429.0
443,5,15.6,2.0,88.0,4,4.0,32.0,2,349.0
444,1,15.6,5.0,43.0,8,,54.0,2,1099.0
445,4,14.0,2.0,82.0,8,15.0,51.0,2,1179.0
446,2,15.6,4.0,94.0,4,24.0,40.0,4,441.8
447,4,15.6,2.0,69.0,8,,80.0,2,1993.0
448,7,15.6,2.0,8.0,8,15.0,54.0,2,1027.74
449,8,13.5,10.0,50.0,16,27.0,43.0,6,2589.0
450,1,15.6,4.0,94.0,8,4.0,40.0,2,589.0
451,4,15.6,5.0,48.0,16,15.0,80.0,2,1975.0
452,1,15.6,5.0,62.0,8,27.0,40.0,2,1534.0
453,5,14.0,2.0,94.0,8,15.0,40.0,2,1345.0
454,4,15.6,2.0,17.0,8,,5.0,2,979.0
455,4,11.6,21.0,23.0,4,24.0,30.0,2,479.0
456,4,17.3,5.0,,8,10.0,57.0,2,2046.0
457,8,13.5,10.0,3.0,4,4.0,39.0,6,989.0
458,8,13.5,10.0,50.0,8,15.0,43.0,6,1799.0
459,1,17.3,19.0,6.0,8,15.0,35.0,2,639.9
460,2,15.6,2.0,6.0,4,10.0,52.0,2,544.0
461,2,11.6,4.0,68.0,4,4.0,29.0,2,435.0
462,3,15.6,2.0,94.0,8,10.0,40.0,2,749.0
463,5,14.0,5.0,65.0,8,27.0,,1,799.0
464,5,15.6,2.0,62.0,8,15.0,76.0,2,2090.0
465,3,15.6,4.0,88.0,4,24.0,31.0,2,304.0
466,2,15.6,4.0,6.0,4,24.0,61.0,2,469.0
467,4,15.6,2.0,26.0,8,20.0,5.0,2,759.0
468,1,17.3,5.0,43.0,12,10.0,57.0,2,1699.0
469,5,14.0,24.0,81.0,12,15.0,35.0,2,1858.0
470,1,13.3,13.0,17.0,8,27.0,46.0,2,1999.0
471,1,15.6,2.0,94.0,8,24.0,,2,1154.0
472,16,12.3,25.0,61.0,8,4.0,39.0,7,1275.0
473,4,13.3,7.0,26.0,8,15.0,46.0,2,1841.85
474,3,15.6,15.0,98.0,12,,36.0,2,1299.0
475,4,14.0,4.0,64.0,8,4.0,35.0,2,740.0
476,4,15.6,2.0,43.0,8,15.0,73.0,2,2408.0
477,5,14.0,2.0,94.0,8,9.0,40.0,2,1364.0
478,4,15.6,2.0,26.0,8,10.0,4.0,2,675.0
479,9,13.3,5.0,94.0,8,15.0,40.0,2,1672.0
480,4,15.6,5.0,17.0,8,27.0,52.0,2,1262.0
481,4,15.6,4.0,90.0,4,10.0,40.0,2,586.6
482,1,13.3,5.0,26.0,4,4.0,46.0,2,726.0
483,6,15.6,2.0,11.0,4,32.0,28.0,2,248.9
484,5,15.6,4.0,60.0,4,4.0,35.0,2,565.0
485,5,14.0,5.0,26.0,8,15.0,46.0,2,1049.0
486,4,15.6,5.0,48.0,16,27.0,80.0,2,2338.0
487,4,15.6,2.0,43.0,16,27.0,54.0,2,1899.0
488,5,12.5,5.0,65.0,16,27.0,40.0,2,1798.0
489,3,12.5,2.0,65.0,16,27.0,40.0,2,1950.0
490,5,15.6,5.0,94.0,8,15.0,52.0,2,1011.99
491,9,13.3,7.0,65.0,32,27.0,40.0,2,2799.0
492,3,15.6,2.0,43.0,8,,54.0,2,1350.0
493,2,15.6,4.0,95.0,8,10.0,23.0,2,579.0
494,3,17.3,6.0,98.0,24,,64.0,2,1269.0
495,5,12.5,20.0,0.0,8,9.0,35.0,2,1099.0
496,5,15.6,2.0,17.0,8,15.0,46.0,2,898.9
497,1,14.0,2.0,,8,11.0,40.0,2,1749.0
498,5,13.3,5.0,90.0,8,15.0,40.0,2,949.0
499,5,15.6,5.0,94.0,8,15.0,40.0,2,911.0
500,3,11.6,4.0,66.0,4,32.0,31.0,6,340.0
501,1,15.6,4.0,94.0,8,15.0,4.0,2,618.99
502,5,13.9,6.0,26.0,8,15.0,46.0,2,1599.0
503,5,14.0,4.0,66.0,4,24.0,31.0,2,299.0
504,5,11.6,4.0,68.0,4,8.0,29.0,7,265.0
505,5,13.3,2.0,94.0,8,15.0,40.0,2,949.0
506,3,15.6,2.0,65.0,8,,40.0,2,1224.0
507,2,15.6,5.0,26.0,4,10.0,69.0,2,613.0
508,1,13.3,5.0,65.0,8,27.0,40.0,2,1323.0
509,5,15.6,5.0,43.0,8,,57.0,1,1149.0
510,4,13.3,6.0,94.0,8,4.0,40.0,2,899.0
511,2,15.6,2.0,65.0,4,24.0,52.0,2,639.0
512,4,15.6,2.0,94.0,8,10.0,40.0,2,836.0
513,4,15.6,2.0,17.0,16,,5.0,2,1219.24
514,11,15.6,5.0,17.0,16,15.0,69.0,1,1399.95
515,3,11.6,4.0,66.0,2,21.0,31.0,2,245.0
516,1,15.6,21.0,26.0,4,10.0,46.0,2,521.47
517,3,15.6,2.0,43.0,24,27.0,,2,2968.0
518,1,15.6,2.0,94.0,8,15.0,51.0,2,889.0
519,3,17.3,2.0,43.0,16,,,2,1504.0
520,5,15.6,5.0,43.0,8,,57.0,2,1399.0
521,1,13.3,5.0,65.0,8,15.0,40.0,2,1399.0
522,4,14.0,2.0,29.0,8,15.0,40.0,2,1279.73
523,1,15.6,4.0,6.0,4,4.0,35.0,2,689.0
524,4,17.3,5.0,26.0,8,,5.0,4,889.0
525,5,14.0,2.0,0.0,8,15.0,35.0,8,1340.0
526,5,15.6,2.0,65.0,4,10.0,49.0,2,799.0
527,5,15.6,4.0,6.0,8,20.0,,1,459.0
528,4,15.6,2.0,94.0,4,24.0,18.0,2,585.0
529,4,15.6,2.0,82.0,8,15.0,40.0,2,1377.0
530,4,17.3,5.0,43.0,16,,58.0,2,3012.77
531,9,15.6,5.0,94.0,8,24.0,40.0,2,860.0
532,3,15.6,15.0,65.0,8,,63.0,2,1299.0
533,14,13.3,5.0,25.0,4,23.0,31.0,2,369.0
534,3,15.6,5.0,8.0,8,,57.0,2,1649.0
535,4,15.6,2.0,,8,15.0,51.0,2,1369.0
536,4,15.6,2.0,26.0,8,15.0,5.0,2,797.41
537,1,15.6,2.0,23.0,4,15.0,30.0,2,398.99
538,1,17.3,2.0,43.0,12,10.0,57.0,2,1799.0
539,5,14.0,5.0,65.0,8,15.0,52.0,2,859.0
540,4,13.3,11.0,17.0,8,15.0,46.0,2,1399.0
541,4,14.0,2.0,6.0,4,4.0,35.0,2,735.87
542,1,13.3,,65.0,8,15.0,40.0,2,1145.0
543,2,15.6,2.0,8.0,8,10.0,54.0,4,798.0
544,3,15.6,4.0,63.0,4,24.0,10.0,2,349.0
545,1,15.6,2.0,90.0,4,4.0,40.0,2,705.5
546,5,14.0,2.0,94.0,4,24.0,40.0,2,785.0
547,5,15.6,2.0,0.0,4,10.0,35.0,1,462.35
548,1,15.6,2.0,6.0,4,24.0,35.0,2,397.0
549,5,15.6,5.0,65.0,8,27.0,40.0,2,1729.0
550,5,15.6,2.0,6.0,4,4.0,35.0,2,499.0
551,4,15.6,2.0,94.0,8,15.0,40.0,2,1116.99
552,4,17.3,5.0,43.0,16,,58.0,2,2699.0
553,1,17.3,19.0,6.0,8,10.0,35.0,2,544.15
554,1,17.3,2.0,65.0,8,10.0,51.0,2,1280.0
555,3,15.6,4.0,66.0,4,24.0,31.0,4,224.0
556,14,13.3,5.0,11.0,4,21.0,28.0,2,255.0
557,5,17.3,19.0,65.0,6,,52.0,2,949.0
558,1,15.6,5.0,33.0,6,4.0,5.0,2,568.9
559,4,15.6,4.0,6.0,4,10.0,16.0,2,617.9
560,2,11.6,6.0,,4,21.0,31.0,2,349.0
561,5,15.6,2.0,22.0,4,4.0,40.0,2,630.0
562,1,13.3,29.0,76.0,16,27.0,34.0,2,1965.0
563,5,17.3,5.0,43.0,8,15.0,81.0,2,2999.0
564,3,15.6,2.0,8.0,8,,54.0,2,839.0
565,4,13.3,13.0,26.0,8,4.0,46.0,2,1599.0
566,4,15.6,4.0,29.0,4,24.0,40.0,2,959.0
567,17,15.6,4.0,94.0,8,10.0,40.0,2,739.0
568,5,15.6,2.0,88.0,4,24.0,32.0,2,344.0
569,5,14.0,4.0,94.0,4,24.0,40.0,2,990.0
570,1,17.3,19.0,82.0,8,24.0,73.0,2,1860.99
571,1,14.0,4.0,23.0,8,20.0,30.0,2,389.0
572,1,15.6,5.0,45.0,6,15.0,5.0,2,649.0
573,5,15.6,2.0,94.0,8,15.0,40.0,2,830.0
574,5,15.6,2.0,26.0,4,24.0,40.0,2,685.0
575,14,14.0,2.0,11.0,4,23.0,28.0,2,249.0
576,9,14.0,7.0,65.0,16,27.0,40.0,2,1865.0
577,5,17.3,5.0,39.0,32,,58.0,2,2663.0
578,7,17.3,2.0,73.0,16,,58.0,2,2729.0
579,4,15.6,2.0,65.0,8,15.0,18.0,4,749.01
580,14,14.0,5.0,25.0,4,23.0,31.0,2,389.0
581,4,15.6,4.0,29.0,8,24.0,40.0,2,1008.52
582,1,13.3,2.0,90.0,4,4.0,40.0,2,719.0
583,4,15.6,2.0,,16,15.0,51.0,2,1537.39
584,4,11.6,4.0,68.0,4,7.0,29.0,7,295.0
585,7,17.3,2.0,39.0,16,,67.0,2,2349.0
586,1,17.3,5.0,43.0,16,,54.0,2,1498.0
587,5,14.0,5.0,81.0,12,15.0,35.0,2,1673.0
588,5,15.6,21.0,17.0,12,10.0,40.0,2,609.0
589,3,17.3,5.0,8.0,8,,57.0,2,1770.0
590,3,15.6,21.0,94.0,8,10.0,35.0,2,739.0
591,5,15.6,2.0,87.0,12,27.0,5.0,2,949.0
592,4,11.6,21.0,51.0,4,4.0,39.0,2,603.0
593,15,15.6,2.0,43.0,16,,54.0,2,1699.0
594,5,17.3,2.0,6.0,4,24.0,35.0,1,529.0
595,5,15.6,4.0,64.0,8,10.0,35.0,2,459.0
596,5,13.3,6.0,65.0,8,27.0,40.0,2,2025.0
597,5,14.0,5.0,8.0,8,15.0,,2,1474.0
598,4,12.5,7.0,94.0,8,15.0,40.0,2,1670.0
599,4,15.6,7.0,43.0,8,15.0,80.0,2,1763.0
600,1,15.6,2.0,65.0,8,15.0,40.0,2,1219.0
601,1,15.6,4.0,90.0,4,24.0,40.0,2,668.48
602,2,14.0,2.0,25.0,4,21.0,31.0,2,329.0
603,7,17.3,2.0,39.0,16,,65.0,2,2199.0
604,4,15.6,4.0,6.0,4,10.0,16.0,4,465.0
605,7,15.6,,43.0,16,,57.0,2,2299.0
606,9,15.6,5.0,79.0,8,15.0,35.0,2,1399.0
607,5,15.6,2.0,94.0,6,10.0,40.0,2,564.0
608,5,15.6,6.0,43.0,8,15.0,,2,1299.0
609,2,14.0,4.0,23.0,4,2.0,30.0,2,349.0
610,5,15.6,15.0,85.0,32,11.0,76.0,2,4899.0
611,4,15.6,2.0,98.0,16,10.0,,2,879.01
612,4,15.6,4.0,60.0,4,10.0,35.0,4,443.9
613,4,15.6,4.0,60.0,4,10.0,35.0,4,359.0
614,4,15.6,4.0,29.0,4,24.0,40.0,4,869.0
615,3,17.3,2.0,43.0,8,,54.0,2,1168.0
616,4,15.6,2.0,94.0,4,4.0,16.0,4,569.0
617,1,15.6,2.0,65.0,8,27.0,40.0,2,1389.0
618,7,15.6,2.0,43.0,16,,58.0,2,2267.86
619,2,11.6,,89.0,4,21.0,29.0,7,379.0
620,1,14.0,4.0,29.0,8,15.0,40.0,2,1124.0
621,5,14.0,2.0,0.0,8,15.0,35.0,8,1465.0
622,4,15.6,2.0,26.0,4,10.0,5.0,2,776.0
623,17,15.6,4.0,94.0,8,15.0,40.0,2,799.0
624,1,15.6,4.0,0.0,4,24.0,35.0,8,932.0
625,5,15.6,2.0,65.0,8,10.0,49.0,2,899.0
626,14,14.0,2.0,11.0,2,21.0,28.0,2,239.0
627,5,15.6,2.0,94.0,4,4.0,40.0,1,468.0
628,3,13.3,7.0,94.0,6,10.0,40.0,2,639.01
629,4,15.6,2.0,43.0,8,15.0,54.0,2,1820.0
630,3,14.0,2.0,65.0,16,27.0,40.0,2,1900.0
631,4,15.6,2.0,43.0,16,,55.0,2,1479.0
632,5,15.6,2.0,26.0,4,15.0,46.0,2,829.0
633,5,15.6,2.0,6.0,4,10.0,,2,579.0
634,3,15.6,4.0,66.0,8,10.0,31.0,2,399.0
635,3,15.6,2.0,8.0,8,10.0,54.0,2,906.62
636,4,13.3,11.0,26.0,8,15.0,46.0,2,1869.0
637,5,14.0,4.0,68.0,2,21.0,29.0,2,249.0
638,5,13.3,6.0,65.0,8,15.0,40.0,2,1757.42
639,4,15.6,14.0,43.0,16,11.0,54.0,2,2399.0
640,5,15.6,5.0,43.0,8,,56.0,2,1109.0
641,1,17.0,19.0,7.0,8,10.0,13.0,2,520.9
642,5,14.0,5.0,65.0,16,27.0,40.0,2,2450.0
643,3,15.6,5.0,43.0,8,10.0,55.0,1,1169.0
644,2,15.6,4.0,6.0,4,24.0,35.0,2,450.0
645,5,14.0,4.0,68.0,4,21.0,28.0,2,274.0
646,2,14.0,5.0,94.0,8,15.0,,2,919.0
647,13,14.0,2.0,43.0,16,15.0,57.0,2,2599.0
648,9,13.3,2.0,0.0,8,15.0,35.0,2,1213.0
649,5,12.5,5.0,65.0,8,15.0,40.0,2,1584.0
650,3,17.3,5.0,39.0,32,27.0,60.0,2,2799.0
651,2,15.6,2.0,8.0,8,10.0,54.0,4,709.0
652,4,13.3,2.0,26.0,8,15.0,46.0,2,1449.9
653,7,15.6,2.0,43.0,8,,55.0,2,1191.8
654,1,15.6,4.0,6.0,4,24.0,35.0,1,364.9
655,9,15.6,5.0,94.0,8,24.0,40.0,2,1064.0
656,4,15.6,2.0,17.0,8,15.0,5.0,2,919.0
657,4,15.6,2.0,17.0,16,,5.0,2,1135.0
658,5,15.6,5.0,98.0,8,,,2,1196.0
659,4,17.3,15.0,43.0,32,,58.0,2,3147.37
660,4,14.0,2.0,41.0,8,15.0,35.0,2,1229.0
661,5,15.6,4.0,66.0,4,24.0,31.0,2,419.0
662,5,15.6,2.0,0.0,4,24.0,35.0,2,535.0
663,1,15.6,28.0,6.0,6,10.0,18.0,2,539.0
664,7,17.3,2.0,43.0,8,,57.0,2,1486.77
665,9,15.6,4.0,35.0,4,4.0,35.0,2,498.0
666,4,15.6,2.0,94.0,8,10.0,40.0,2,955.0
667,1,15.6,2.0,65.0,8,10.0,5.0,2,745.0
668,9,15.6,5.0,94.0,8,15.0,40.0,2,1258.0
669,2,15.6,4.0,6.0,4,4.0,35.0,4,412.0
670,8,13.5,10.0,,8,15.0,43.0,6,1867.85
671,5,15.6,2.0,94.0,8,,18.0,2,817.95
672,5,13.3,6.0,94.0,8,15.0,40.0,2,1034.0
673,5,15.6,4.0,,4,4.0,10.0,2,349.0
674,1,14.0,6.0,90.0,4,4.0,52.0,2,699.0
675,7,15.6,2.0,43.0,16,,54.0,2,1294.0
676,3,14.0,2.0,94.0,8,15.0,40.0,2,1135.0
677,1,11.6,21.0,66.0,8,32.0,31.0,7,495.0
678,18,15.6,5.0,17.0,8,27.0,40.0,2,2299.0
679,2,15.6,2.0,8.0,16,15.0,55.0,2,1299.0
680,7,15.6,2.0,8.0,8,15.0,54.0,2,997.9
681,3,15.6,4.0,66.0,4,4.0,31.0,2,419.0
682,4,15.6,2.0,8.0,16,,57.0,2,2051.0
683,1,17.3,5.0,6.0,4,15.0,,2,699.0
684,5,13.3,6.0,17.0,8,27.0,46.0,2,1499.0
685,4,15.6,2.0,73.0,16,,58.0,2,2813.75
686,1,15.6,4.0,94.0,4,24.0,4.0,2,612.61
687,4,15.6,4.0,6.0,4,10.0,18.0,2,545.67
688,1,17.3,5.0,37.0,6,20.0,21.0,2,569.0
689,5,15.6,4.0,96.0,4,24.0,33.0,2,318.0
690,2,14.0,4.0,96.0,4,21.0,33.0,7,375.0
691,5,14.0,2.0,94.0,4,15.0,40.0,2,699.0
692,1,17.3,2.0,43.0,8,24.0,73.0,2,1907.99
693,5,14.0,12.0,65.0,8,15.0,40.0,2,2590.0
694,9,13.3,5.0,94.0,8,15.0,40.0,2,973.0
695,2,11.6,4.0,27.0,4,21.0,28.0,2,269.0
696,5,14.0,7.0,65.0,16,27.0,40.0,2,1749.0
697,3,12.5,7.0,9.0,4,32.0,34.0,7,669.0
698,9,13.3,7.0,79.0,16,27.0,35.0,2,1877.0
699,1,15.6,5.0,65.0,4,24.0,5.0,2,689.0
700,4,15.6,2.0,8.0,8,10.0,54.0,2,819.0
701,5,15.6,2.0,,4,15.0,5.0,2,399.0
702,5,15.6,4.0,87.0,8,10.0,19.0,2,429.0
703,5,15.6,2.0,94.0,4,,40.0,2,621.45
704,5,15.6,4.0,6.0,4,24.0,35.0,1,450.0
705,4,15.6,2.0,94.0,8,15.0,40.0,2,795.0
706,2,13.3,6.0,26.0,8,15.0,46.0,2,999.0
707,5,15.6,2.0,79.0,16,27.0,79.0,8,1855.0
708,5,14.0,2.0,57.0,8,15.0,35.0,2,1191.0
709,1,17.3,5.0,95.0,6,20.0,5.0,2,655.01
710,5,15.6,5.0,43.0,8,,55.0,2,1249.0
711,4,14.0,2.0,82.0,8,15.0,51.0,4,1089.0
712,4,15.6,2.0,94.0,8,10.0,40.0,4,726.0
713,3,14.0,2.0,66.0,4,21.0,31.0,2,298.0
714,4,15.6,2.0,29.0,16,27.0,40.0,2,1426.66
715,5,14.0,5.0,94.0,8,15.0,49.0,2,857.07
716,4,15.6,2.0,29.0,8,15.0,40.0,2,1179.0
717,5,15.6,4.0,38.0,4,24.0,11.0,2,298.0
718,14,14.0,,1.0,4,22.0,29.0,2,265.0
719,1,17.3,2.0,65.0,8,15.0,51.0,2,1200.0
720,5,14.0,24.0,79.0,8,27.0,35.0,2,1686.64
721,1,13.3,,94.0,8,15.0,40.0,2,836.6
722,5,14.0,5.0,94.0,8,15.0,40.0,2,1499.0
723,4,17.3,,43.0,32,,58.0,2,3659.4
724,7,17.3,2.0,43.0,8,,55.0,2,1348.48
725,5,15.6,4.0,94.0,4,10.0,40.0,1,489.9
726,4,15.6,2.0,26.0,8,,5.0,2,719.0
727,4,13.3,7.0,90.0,4,10.0,40.0,2,649.0
728,4,15.6,4.0,94.0,8,10.0,22.0,4,589.52
729,1,15.6,2.0,7.0,4,10.0,4.0,2,489.0
730,2,17.3,5.0,98.0,16,,57.0,2,1935.0
731,4,15.6,4.0,94.0,12,10.0,40.0,2,649.0
732,1,15.6,2.0,45.0,6,,4.0,2,650.0
733,2,15.6,4.0,94.0,4,24.0,40.0,2,559.0
734,5,13.3,5.0,94.0,8,15.0,40.0,2,960.0
735,5,15.6,2.0,65.0,4,10.0,40.0,2,779.0
736,1,15.6,2.0,43.0,16,15.0,75.0,2,2419.0
737,4,13.3,7.0,26.0,8,10.0,46.0,2,659.0
738,7,15.6,2.0,43.0,16,,57.0,2,2094.48
739,2,15.6,4.0,6.0,4,24.0,35.0,2,410.8
740,4,15.6,2.0,65.0,8,,52.0,2,1207.0
741,4,15.6,4.0,6.0,8,15.0,35.0,2,665.0
742,9,14.0,6.0,94.0,8,15.0,40.0,2,1535.0
743,5,14.0,7.0,94.0,8,15.0,40.0,2,999.0
744,5,15.6,15.0,,16,11.0,79.0,2,3299.0
745,2,14.0,4.0,68.0,2,21.0,29.0,7,330.0
746,15,13.3,2.0,65.0,16,15.0,40.0,2,1649.0
747,1,15.6,2.0,6.0,8,15.0,35.0,2,539.0
748,4,14.0,4.0,94.0,8,15.0,40.0,2,1126.71
749,1,17.3,5.0,83.0,16,15.0,74.0,8,4389.0
750,5,11.6,21.0,68.0,4,4.0,29.0,2,475.0
751,1,15.6,2.0,41.0,8,15.0,35.0,2,1900.0
752,3,15.6,4.0,57.0,4,10.0,62.0,1,579.0
753,5,14.0,2.0,0.0,4,9.0,35.0,2,1096.0
754,3,15.6,4.0,65.0,4,15.0,40.0,2,849.9
755,5,13.3,29.0,,8,15.0,,2,1199.0
756,1,15.6,5.0,8.0,8,,54.0,2,1099.0
757,1,15.6,2.0,98.0,8,15.0,72.0,8,1561.0
758,4,15.6,15.0,43.0,16,,58.0,2,2868.99
759,2,15.6,4.0,94.0,4,15.0,40.0,2,599.0
760,5,15.6,5.0,43.0,8,,54.0,2,1048.0
761,4,12.5,2.0,,16,15.0,40.0,2,1859.0
762,16,12.3,25.0,61.0,8,15.0,39.0,7,1559.0
763,3,13.3,,94.0,8,15.0,40.0,2,1129.0
764,4,13.3,4.0,6.0,4,24.0,35.0,2,849.0
765,2,13.3,4.0,0.0,4,4.0,35.0,2,655.0
766,3,17.3,4.0,88.0,4,10.0,49.0,2,470.34
767,4,15.6,,98.0,16,,63.0,2,1099.0
768,15,13.3,7.0,65.0,8,15.0,40.0,2,1599.0
769,2,15.6,4.0,88.0,4,10.0,32.0,4,298.0
770,4,15.6,2.0,65.0,16,15.0,22.0,2,1181.27
771,15,15.0,7.0,65.0,16,15.0,,2,1799.0
772,9,14.0,20.0,0.0,4,4.0,35.0,2,1020.0
773,4,15.6,2.0,43.0,8,10.0,54.0,2,1099.0
774,1,12.5,4.0,0.0,4,15.0,35.0,2,1244.0
775,3,15.6,7.0,65.0,12,20.0,52.0,2,839.0
776,5,15.6,,48.0,16,27.0,74.0,8,2370.0
777,2,14.0,5.0,90.0,4,4.0,40.0,2,636.0
778,13,14.0,2.0,43.0,16,27.0,57.0,2,2899.0
779,3,15.6,28.0,16.0,8,4.0,32.0,2,581.9
780,4,17.3,5.0,43.0,32,,59.0,2,3588.8
781,3,17.3,5.0,98.0,16,,58.0,2,2350.0
782,9,14.0,5.0,81.0,16,27.0,50.0,2,1764.0
783,5,15.6,4.0,,8,10.0,30.0,1,329.0
784,5,14.0,2.0,65.0,16,27.0,40.0,2,2299.0
785,7,14.0,5.0,43.0,16,,57.0,2,1891.0
786,7,15.6,2.0,8.0,8,,54.0,2,1089.0
787,5,15.6,5.0,43.0,4,10.0,54.0,2,999.0
788,2,17.3,5.0,43.0,16,,57.0,2,2299.0
789,4,15.6,2.0,8.0,8,15.0,54.0,2,985.0
790,3,15.6,2.0,43.0,8,,,2,1339.0
791,12,14.0,28.0,66.0,4,21.0,31.0,2,202.9
792,5,13.3,6.0,65.0,8,27.0,40.0,2,1970.0
793,5,15.6,7.0,94.0,8,15.0,,2,959.0
794,0,12.0,17.0,12.0,8,26.0,37.0,3,1165.0
795,5,14.0,,94.0,8,15.0,40.0,2,2330.0
796,3,14.0,4.0,66.0,4,21.0,31.0,2,299.0
797,4,15.6,4.0,94.0,8,4.0,40.0,2,810.0
798,5,13.9,6.0,65.0,8,15.0,40.0,2,1349.0
799,4,15.6,2.0,6.0,8,15.0,17.0,2,739.0
800,1,15.6,2.0,43.0,8,15.0,75.0,2,2064.9
801,3,15.6,2.0,94.0,8,15.0,40.0,2,1099.0
802,4,13.3,2.0,94.0,8,15.0,40.0,2,1499.0
803,4,15.6,14.0,8.0,8,15.0,54.0,2,1749.0
804,4,11.6,4.0,88.0,4,4.0,32.0,2,744.0
805,1,12.5,4.0,29.0,8,15.0,40.0,2,1389.0
806,9,15.6,4.0,0.0,4,24.0,35.0,2,780.0
807,1,15.6,4.0,71.0,8,20.0,,2,629.0
808,4,15.6,,43.0,16,27.0,55.0,2,1679.0
809,5,15.6,2.0,94.0,4,10.0,48.0,2,609.0
810,1,17.3,5.0,43.0,12,10.0,26.0,2,1749.0
811,7,17.3,2.0,43.0,16,,58.0,2,2415.0
812,15,13.3,2.0,94.0,8,15.0,40.0,2,1499.0
813,4,15.6,2.0,65.0,8,10.0,53.0,2,961.0
814,4,15.6,2.0,94.0,8,15.0,16.0,2,789.81
815,5,14.0,2.0,65.0,8,15.0,40.0,2,1859.0
816,13,12.5,13.0,,16,27.0,40.0,2,1799.0
817,1,11.6,4.0,68.0,4,7.0,29.0,7,385.0
818,4,17.3,5.0,43.0,16,,57.0,2,2505.02
819,4,14.0,4.0,0.0,4,24.0,35.0,2,755.0
820,5,15.6,4.0,6.0,4,24.0,35.0,2,489.9
821,9,14.0,4.0,94.0,4,4.0,40.0,2,1090.0
822,5,14.0,5.0,65.0,8,27.0,40.0,2,2499.0
823,7,15.6,2.0,8.0,8,15.0,54.0,2,1199.0
824,5,14.0,5.0,94.0,8,14.0,40.0,2,1875.0
825,9,14.0,4.0,91.0,4,4.0,33.0,2,499.0
826,3,13.3,,94.0,8,15.0,40.0,2,1358.0
827,4,14.0,4.0,6.0,4,24.0,35.0,2,585.0
828,2,11.6,20.0,68.0,4,21.0,29.0,7,355.0
829,2,14.0,5.0,90.0,8,4.0,40.0,2,619.0
830,13,17.3,14.0,73.0,32,27.0,60.0,2,5499.0
831,5,14.0,24.0,81.0,16,27.0,35.0,2,2099.0
832,3,15.6,2.0,94.0,4,10.0,,4,519.0
833,5,14.0,2.0,0.0,8,15.0,35.0,2,1186.0
834,5,14.0,5.0,29.0,8,15.0,40.0,2,1650.0
835,4,15.6,2.0,43.0,16,,58.0,2,2774.63
836,3,17.3,2.0,43.0,16,,58.0,2,2419.0
837,9,15.6,4.0,90.0,4,24.0,40.0,2,669.0
838,5,14.0,4.0,89.0,4,7.0,29.0,7,325.0
839,3,15.6,2.0,94.0,8,3.0,40.0,2,590.0
840,3,17.3,2.0,98.0,16,,57.0,2,1799.0
841,4,17.3,5.0,43.0,32,,58.0,2,3072.89
842,1,17.3,19.0,94.0,8,10.0,51.0,2,910.0
843,4,15.6,4.0,94.0,8,4.0,40.0,2,713.99
844,1,14.0,2.0,79.0,8,27.0,35.0,8,1870.0
845,4,15.6,2.0,65.0,4,15.0,16.0,2,739.0
846,1,11.6,21.0,66.0,4,21.0,31.0,7,615.0
847,3,13.3,5.0,0.0,8,27.0,,2,1026.0
848,1,13.3,7.0,94.0,8,15.0,40.0,2,2277.0
849,1,14.0,2.0,79.0,8,27.0,35.0,2,1468.0
850,1,15.6,4.0,68.0,4,4.0,29.0,1,299.0
851,3,15.6,2.0,43.0,16,,57.0,2,1899.0
852,4,17.3,2.0,65.0,8,10.0,22.0,4,865.0
853,5,14.0,5.0,43.0,8,15.0,53.0,2,1903.0
854,3,15.6,5.0,65.0,8,15.0,,2,787.0
855,4,15.6,2.0,94.0,8,4.0,40.0,2,945.0
856,3,15.6,4.0,88.0,4,10.0,32.0,2,449.0
857,1,13.3,7.0,,8,15.0,40.0,2,2559.0
858,4,13.3,7.0,0.0,8,10.0,35.0,2,649.0
859,5,15.6,2.0,60.0,4,10.0,35.0,1,469.0
860,5,15.6,5.0,94.0,8,10.0,40.0,2,850.66
861,1,15.6,2.0,29.0,8,15.0,,2,1349.0
862,9,13.3,2.0,94.0,4,4.0,40.0,2,1285.0
863,5,15.6,5.0,8.0,8,10.0,54.0,1,1017.0
864,4,13.3,11.0,50.0,16,27.0,43.0,2,2240.0
865,1,15.6,2.0,0.0,4,24.0,35.0,2,910.0
866,9,13.3,4.0,0.0,8,15.0,35.0,2,1095.0
867,5,13.3,6.0,65.0,8,15.0,40.0,2,1950.0
868,2,14.0,5.0,94.0,8,15.0,40.0,2,902.0
869,4,15.6,2.0,43.0,8,10.0,80.0,2,1778.0
870,5,15.6,4.0,94.0,4,24.0,40.0,2,1055.0
871,5,15.6,2.0,6.0,4,10.0,18.0,1,479.0
872,9,15.6,5.0,65.0,8,15.0,40.0,2,1388.0
873,5,13.3,5.0,90.0,4,9.0,40.0,2,735.0
874,15,15.0,2.0,65.0,16,15.0,52.0,2,1849.0
875,4,12.5,2.0,,8,15.0,40.0,2,1690.0
876,3,15.6,4.0,88.0,4,10.0,32.0,4,398.99
877,11,13.3,5.0,0.0,8,15.0,52.0,2,935.0
878,4,15.6,2.0,94.0,4,,52.0,2,912.5
879,1,15.6,2.0,94.0,4,15.0,40.0,2,839.0
880,1,13.3,7.0,94.0,4,15.0,40.0,2,1700.0
881,1,15.6,21.0,94.0,4,24.0,40.0,2,684.8
882,3,14.1,4.0,66.0,4,21.0,31.0,2,348.0
883,5,15.6,5.0,79.0,8,10.0,52.0,2,669.0
884,4,15.6,4.0,23.0,4,24.0,28.0,2,369.0
885,1,13.3,7.0,94.0,4,15.0,40.0,2,1799.0
886,4,15.6,4.0,60.0,4,10.0,17.0,4,455.7
887,3,17.3,2.0,8.0,12,,54.0,2,1369.9
888,2,11.6,20.0,68.0,4,21.0,29.0,7,297.0
889,5,17.3,19.0,20.0,4,24.0,,2,379.0
890,1,14.0,2.0,94.0,4,4.0,40.0,2,1265.0
891,1,13.3,11.0,65.0,16,15.0,40.0,2,1399.0
892,15,15.0,2.0,65.0,8,15.0,40.0,2,1699.0
893,5,14.0,5.0,94.0,8,15.0,40.0,2,1799.0
894,7,17.3,15.0,98.0,16,,57.0,2,2649.0
895,9,13.3,2.0,94.0,8,15.0,40.0,2,1475.0
896,4,15.6,2.0,43.0,8,10.0,,4,929.0
897,1,15.6,2.0,65.0,8,10.0,51.0,2,900.0
898,4,15.6,4.0,60.0,4,10.0,17.0,2,614.0
899,4,15.6,2.0,29.0,8,24.0,40.0,2,935.0
900,4,13.3,11.0,5.0,8,27.0,39.0,2,2013.1
901,3,17.3,5.0,39.0,32,,67.0,2,1279.0
902,4,13.3,7.0,5.0,16,15.0,39.0,2,1649.0
903,5,14.0,5.0,65.0,8,14.0,40.0,2,2049.0
904,5,15.6,5.0,94.0,8,27.0,40.0,2,1962.99
905,18,15.6,6.0,65.0,16,27.0,40.0,2,2099.0
906,1,12.5,2.0,65.0,8,27.0,40.0,2,1483.0
907,2,15.6,5.0,70.0,4,7.0,28.0,7,359.0
908,5,15.6,5.0,57.0,8,,63.0,2,789.0
909,18,14.0,6.0,65.0,8,27.0,40.0,2,1899.0
910,4,14.0,2.0,82.0,8,15.0,40.0,2,1205.0
911,1,12.5,14.0,76.0,8,13.0,34.0,2,3100.0
912,5,15.6,2.0,65.0,6,15.0,52.0,2,789.0
913,1,15.6,2.0,65.0,8,15.0,51.0,2,1018.99
914,2,15.6,2.0,90.0,4,10.0,40.0,2,499.0
915,5,13.3,2.0,94.0,4,4.0,40.0,2,881.0
916,1,13.3,2.0,94.0,8,15.0,40.0,2,960.0
917,7,17.3,2.0,43.0,16,,55.0,2,1599.0
918,4,15.6,2.0,43.0,16,,55.0,2,1349.0
919,7,15.6,2.0,8.0,8,,54.0,2,1119.91
920,4,15.6,4.0,94.0,4,10.0,16.0,2,684.99
921,1,15.6,2.0,79.0,8,15.0,,2,1296.99
922,1,13.3,11.0,65.0,8,15.0,40.0,2,1149.0
923,9,15.6,5.0,81.0,16,15.0,50.0,2,1975.0
924,5,13.3,6.0,94.0,8,27.0,40.0,2,1825.0
925,4,15.6,4.0,0.0,4,24.0,35.0,2,729.9
926,5,12.5,5.0,65.0,8,15.0,40.0,2,1650.0
927,1,15.6,2.0,0.0,8,15.0,35.0,2,1165.0
928,4,15.6,4.0,94.0,4,10.0,40.0,2,708.06
929,1,14.0,4.0,0.0,4,24.0,35.0,2,1149.0
930,5,15.6,4.0,88.0,4,10.0,32.0,2,309.0
931,1,12.5,2.0,0.0,4,24.0,35.0,2,1579.0
932,1,15.6,4.0,68.0,4,10.0,29.0,1,288.9
933,5,13.3,29.0,55.0,16,11.0,41.0,2,1799.0
934,9,14.0,5.0,0.0,4,4.0,35.0,2,1105.0
935,1,12.5,2.0,0.0,8,15.0,35.0,2,1669.0
936,4,15.6,4.0,60.0,4,10.0,35.0,2,558.6
937,7,15.6,2.0,43.0,8,,54.0,2,1199.0
938,4,14.0,2.0,94.0,8,15.0,40.0,2,1639.0
939,4,17.3,23.0,39.0,16,,60.0,2,2758.0
940,1,17.3,5.0,57.0,8,,64.0,2,1399.0
941,3,17.3,19.0,23.0,4,10.0,49.0,2,530.0
942,2,15.6,4.0,94.0,4,24.0,40.0,2,619.0
943,9,15.6,4.0,0.0,8,15.0,35.0,2,1119.0
944,5,11.3,6.0,42.0,8,15.0,34.0,2,1299.0
945,5,15.6,5.0,84.0,16,,,2,999.0
946,4,12.5,7.0,94.0,8,15.0,28.0,2,1472.2
947,5,15.6,2.0,65.0,8,10.0,49.0,1,685.0
948,4,17.3,19.0,60.0,4,10.0,22.0,2,659.0
949,2,14.0,4.0,68.0,4,21.0,29.0,7,349.0
950,1,15.6,5.0,48.0,8,35.0,72.0,2,2249.0
951,4,14.0,2.0,,8,15.0,40.0,2,1775.0
952,9,13.3,2.0,0.0,8,15.0,35.0,8,1460.0
953,3,12.5,2.0,31.0,8,32.0,34.0,7,1159.0
954,5,14.0,5.0,81.0,8,15.0,35.0,2,1488.99
955,4,17.3,15.0,43.0,16,,58.0,2,3154.0
956,4,13.3,7.0,21.0,8,15.0,39.0,2,1899.0
957,1,11.6,21.0,88.0,4,15.0,32.0,2,775.0
958,4,13.3,27.0,79.0,8,15.0,35.0,2,1268.0
959,2,11.6,,68.0,4,21.0,29.0,7,389.0
960,9,13.3,2.0,41.0,8,15.0,35.0,2,1535.0
961,5,12.5,5.0,29.0,8,15.0,40.0,2,1760.0
962,2,15.6,2.0,94.0,12,,62.0,2,1009.0
963,9,12.5,7.0,65.0,8,27.0,40.0,2,1790.0
964,1,15.6,4.0,,8,10.0,51.0,2,846.5
965,4,15.6,4.0,60.0,4,10.0,18.0,4,465.62
966,4,15.6,4.0,94.0,4,24.0,40.0,2,825.0
967,1,15.6,2.0,90.0,4,24.0,40.0,2,685.0
968,4,17.3,5.0,43.0,32,,58.0,2,3149.0
969,5,15.6,2.0,94.0,6,15.0,49.0,2,695.0
970,4,13.3,11.0,5.0,16,27.0,39.0,2,1899.0
971,4,14.0,12.0,81.0,8,15.0,35.0,2,1962.98
972,4,17.3,2.0,98.0,32,,58.0,2,2800.0
973,9,14.0,2.0,0.0,8,15.0,35.0,2,1180.0
974,3,17.3,2.0,43.0,16,,57.0,2,2049.9
975,1,15.6,5.0,,8,,51.0,2,979.0
976,5,14.0,4.0,0.0,4,25.0,35.0,8,1002.0
977,3,15.6,14.0,65.0,16,,62.0,2,1799.0
978,1,15.6,4.0,65.0,6,10.0,40.0,2,579.0
979,3,17.3,2.0,43.0,16,,55.0,2,1749.0
980,4,15.6,6.0,65.0,12,27.0,40.0,2,1299.0
981,9,13.3,2.0,0.0,4,4.0,35.0,8,1195.0
982,5,15.6,2.0,87.0,6,15.0,5.0,2,549.0
983,17,15.6,4.0,0.0,4,15.0,35.0,2,649.0
984,9,14.0,4.0,0.0,4,24.0,35.0,2,915.0
985,4,15.6,4.0,94.0,4,24.0,18.0,2,599.0
986,1,15.6,2.0,94.0,8,10.0,40.0,2,806.0
987,5,15.6,5.0,43.0,8,,57.0,2,1189.0
988,4,15.6,4.0,65.0,8,10.0,22.0,2,749.0
989,4,14.0,2.0,94.0,8,4.0,,2,1119.0
990,1,12.5,2.0,76.0,8,27.0,34.0,2,1908.0
991,1,15.6,2.0,6.0,4,,4.0,2,499.0
992,5,15.6,4.0,66.0,4,4.0,31.0,1,270.62
993,5,15.6,2.0,0.0,8,15.0,35.0,2,1349.0
994,4,13.3,7.0,94.0,8,15.0,40.0,2,889.0
995,3,13.3,27.0,94.0,8,15.0,40.0,2,1150.0
996,1,13.3,6.0,65.0,8,15.0,40.0,2,1349.0
997,2,15.6,4.0,88.0,4,24.0,32.0,2,380.0
998,3,15.6,2.0,43.0,16,,55.0,2,1799.0
999,1,14.0,2.0,65.0,8,27.0,40.0,2,2089.0
1000,2,15.6,5.0,43.0,8,,54.0,2,1260.0
1001,1,13.3,5.0,94.0,8,15.0,40.0,2,1189.0
1002,4,15.6,4.0,90.0,4,4.0,40.0,2,547.0
1003,1,14.0,4.0,94.0,4,24.0,40.0,2,779.0
1004,9,13.3,2.0,0.0,4,4.0,35.0,2,1195.0
1005,1,14.0,4.0,41.0,4,15.0,35.0,2,1099.99
1006,1,14.0,2.0,94.0,4,15.0,40.0,2,1205.0
1007,1,14.0,2.0,81.0,8,15.0,35.0,8,1449.0
1008,1,14.0,2.0,94.0,8,15.0,51.0,2,1049.26
1009,1,14.0,4.0,90.0,4,24.0,40.0,2,684.0
1010,4,15.6,2.0,8.0,8,1.0,54.0,2,949.0
1011,1,12.5,2.0,94.0,4,24.0,40.0,2,1539.0
1012,1,14.0,2.0,94.0,4,15.0,40.0,2,1590.0
1013,1,14.0,2.0,79.0,8,15.0,35.0,2,1887.21
1014,1,13.3,4.0,90.0,4,24.0,40.0,2,800.0
1015,9,13.3,4.0,0.0,8,15.0,35.0,2,1210.0
1016,1,15.6,4.0,90.0,4,15.0,40.0,2,769.99
1017,5,17.3,15.0,48.0,16,27.0,71.0,8,2968.0
1018,9,14.0,5.0,0.0,8,15.0,35.0,2,1490.0
1019,1,14.0,2.0,79.0,8,15.0,35.0,2,2229.0
1020,4,15.6,6.0,64.0,4,10.0,35.0,2,795.99
1021,9,13.3,2.0,0.0,8,15.0,35.0,2,1590.0
1022,1,13.3,5.0,94.0,8,15.0,40.0,2,1149.0
1023,1,14.0,2.0,65.0,8,15.0,51.0,2,1185.43
1024,4,15.6,2.0,41.0,8,24.0,35.0,2,1046.44
1025,1,12.5,4.0,94.0,4,15.0,40.0,2,1559.0
1026,1,14.0,4.0,94.0,4,24.0,40.0,2,1189.0
1027,1,14.0,4.0,94.0,4,24.0,40.0,2,1060.0
1028,4,13.3,11.0,94.0,8,15.0,40.0,2,1624.0
1029,1,17.3,2.0,94.0,8,15.0,51.0,2,1080.0
1030,1,14.0,4.0,94.0,4,15.0,40.0,2,973.0
1031,2,15.6,4.0,7.0,6,10.0,13.0,2,409.0
1032,7,17.3,2.0,43.0,8,,54.0,2,1191.8
1033,1,14.0,2.0,0.0,8,15.0,35.0,8,1195.0
1034,1,15.6,2.0,79.0,8,15.0,35.0,2,1228.99
1035,1,12.5,2.0,79.0,8,15.0,35.0,2,1349.0
1036,1,15.6,4.0,94.0,4,24.0,40.0,2,742.0
1037,9,14.0,5.0,81.0,8,15.0,35.0,2,1725.0
1038,4,15.6,2.0,41.0,8,15.0,35.0,8,1062.95
1039,1,14.0,2.0,94.0,8,15.0,40.0,2,1010.51
1040,5,15.6,6.0,79.0,4,15.0,35.0,2,847.0
1041,12,14.0,4.0,54.0,2,21.0,29.0,2,210.8
1042,9,15.6,5.0,79.0,16,15.0,50.0,2,1425.0
1043,5,15.6,2.0,0.0,8,15.0,35.0,2,1049.6
1044,1,14.0,2.0,0.0,4,24.0,35.0,2,1000.0
1045,1,15.6,2.0,41.0,8,,35.0,2,2103.34
1046,1,14.0,2.0,0.0,8,15.0,35.0,8,1469.0
1047,7,17.3,5.0,39.0,16,,67.0,2,1545.64
1048,5,17.3,5.0,98.0,16,,67.0,2,2289.99
1049,3,11.6,4.0,68.0,4,7.0,29.0,7,287.9
1050,5,14.0,,81.0,16,15.0,35.0,8,2620.0
1051,1,15.6,5.0,65.0,8,10.0,52.0,2,979.0
1052,4,15.6,6.0,93.0,8,15.0,40.0,2,1094.0
1053,1,15.6,4.0,94.0,4,15.0,40.0,2,979.0
1054,4,13.3,11.0,65.0,16,11.0,40.0,2,2254.0
1055,1,15.6,4.0,64.0,4,24.0,35.0,2,705.15
1056,1,15.6,4.0,94.0,4,24.0,40.0,1,499.0
1057,2,15.6,4.0,40.0,8,10.0,13.0,2,449.0
1058,4,13.3,6.0,65.0,12,15.0,40.0,2,1299.0
1059,7,15.6,2.0,98.0,16,,57.0,2,1819.0
1060,1,15.6,2.0,65.0,8,15.0,40.0,2,1070.0
1061,3,17.3,5.0,98.0,16,10.0,64.0,1,998.0
1062,4,15.6,2.0,94.0,4,10.0,28.0,2,559.0
1063,4,15.6,2.0,65.0,16,20.0,22.0,2,989.99
1064,7,15.6,2.0,98.0,16,,57.0,2,1929.0
1065,4,13.3,2.0,65.0,8,15.0,40.0,2,1458.0
1066,3,17.3,5.0,39.0,64,11.0,,2,3975.0
1067,4,13.3,7.0,79.0,8,15.0,35.0,2,798.01
1068,4,15.6,,98.0,16,,65.0,2,1329.0
1069,0,12.0,17.0,99.0,8,14.0,34.0,3,1300.0
1070,4,15.6,4.0,64.0,4,24.0,35.0,2,481.98
1071,1,15.6,4.0,0.0,4,24.0,35.0,2,1199.0
1072,1,12.5,2.0,0.0,8,15.0,35.0,8,1199.0
1073,1,13.3,2.0,65.0,8,15.0,40.0,2,1090.0
1074,5,12.5,6.0,79.0,8,15.0,35.0,2,1713.49
1075,5,17.3,19.0,0.0,8,0.0,15.0,2,659.0
1076,5,15.6,5.0,57.0,4,10.0,62.0,2,977.0
1077,7,17.3,2.0,43.0,16,,58.0,2,2499.0
1078,5,15.6,4.0,0.0,4,24.0,35.0,2,540.0
1079,1,15.6,2.0,0.0,4,24.0,35.0,8,940.0
1080,5,12.5,,76.0,8,27.0,34.0,2,1399.0
1081,5,17.3,5.0,39.0,32,,67.0,2,3240.0
1082,5,10.1,9.0,2.0,4,32.0,29.0,2,646.27
1083,1,13.3,15.0,65.0,16,27.0,40.0,2,2049.0
1084,4,15.6,2.0,94.0,8,15.0,40.0,2,750.0
1085,1,14.0,2.0,0.0,4,24.0,35.0,8,1030.99
1086,1,15.6,2.0,79.0,8,15.0,0.0,8,1495.0
1087,5,14.0,2.0,0.0,8,9.0,35.0,8,1199.0
1088,1,13.3,27.0,72.0,4,21.0,34.0,7,615.0
1089,2,15.6,4.0,40.0,4,24.0,13.0,2,387.0
1090,4,15.6,4.0,86.0,4,24.0,28.0,4,393.49
1091,1,15.6,4.0,6.0,4,10.0,35.0,1,345.99
1092,3,17.3,5.0,43.0,8,,57.0,2,1599.0
1093,4,13.3,5.0,26.0,4,15.0,5.0,2,818.35
1094,1,12.5,4.0,0.0,4,4.0,35.0,8,1599.0
1095,2,15.6,2.0,94.0,8,,62.0,2,799.0
1096,4,15.6,2.0,94.0,8,10.0,22.0,2,638.8
1097,7,17.3,2.0,98.0,8,15.0,64.0,2,1599.0
1098,1,15.6,4.0,23.0,4,10.0,30.0,2,500.0
1099,3,17.3,5.0,98.0,16,,67.0,2,2299.0
1100,4,12.5,4.0,64.0,4,24.0,35.0,8,1135.15
1101,4,12.5,4.0,64.0,4,4.0,35.0,8,1166.97
1102,2,15.6,4.0,70.0,4,8.0,28.0,7,209.0
1103,1,17.3,5.0,98.0,8,10.0,2.0,8,2899.0
1104,5,15.6,2.0,43.0,16,27.0,55.0,2,1199.0
1105,4,12.5,4.0,0.0,8,15.0,35.0,8,1413.1
1106,7,17.3,2.0,98.0,8,,63.0,2,1511.19
1107,5,15.6,6.0,0.0,4,15.0,35.0,2,867.0
1108,1,15.6,2.0,74.0,4,10.0,11.0,2,398.0
1109,3,15.6,5.0,98.0,16,,63.0,2,1339.0
1110,1,13.3,11.0,92.0,8,15.0,34.0,2,1699.0
1111,4,15.6,4.0,0.0,4,24.0,14.0,8,769.15
1112,5,15.6,4.0,60.0,4,4.0,35.0,2,429.0
1113,1,13.3,2.0,79.0,8,27.0,35.0,2,1969.0
1114,5,10.1,9.0,2.0,4,32.0,29.0,5,549.0
1115,4,13.3,2.0,18.0,8,15.0,43.0,2,1379.0
1116,5,17.3,5.0,39.0,16,,67.0,2,2749.99
1117,13,12.5,,79.0,8,15.0,35.0,2,1029.0
1118,9,13.3,2.0,65.0,16,27.0,40.0,2,2226.0
1119,3,17.3,2.0,98.0,8,,63.0,2,1312.49
1120,12,13.3,2.0,54.0,4,21.0,29.0,2,196.0
1121,1,13.3,2.0,0.0,8,15.0,35.0,2,1690.0
1122,1,14.0,2.0,0.0,8,15.0,35.0,8,1513.0
1123,4,15.6,4.0,0.0,4,24.0,35.0,4,523.63
1124,3,15.6,4.0,90.0,4,10.0,40.0,2,435.0
1125,5,14.0,6.0,79.0,8,15.0,35.0,2,1669.0
1126,5,10.1,9.0,2.0,4,32.0,29.0,2,479.0
1127,1,12.5,4.0,41.0,8,15.0,35.0,8,1895.0
1128,5,15.6,5.0,8.0,8,,57.0,1,989.0
1129,1,17.3,5.0,57.0,8,,57.0,2,1129.0
1130,1,15.6,4.0,65.0,8,20.0,40.0,2,629.0
1131,5,14.0,6.0,81.0,8,27.0,78.0,8,2050.38
1132,3,14.0,4.0,66.0,4,21.0,31.0,2,278.0
1133,1,15.6,2.0,65.0,8,15.0,40.0,2,752.0
1134,2,15.6,2.0,94.0,4,10.0,52.0,2,616.0
1135,5,15.6,2.0,79.0,16,1.0,20.0,2,1099.0
1136,1,17.3,5.0,98.0,8,15.0,77.0,8,3949.4
1137,4,15.6,4.0,94.0,8,10.0,22.0,2,784.0
1138,7,17.3,2.0,48.0,16,,67.0,2,2399.0
1139,1,15.6,2.0,79.0,8,15.0,35.0,8,2171.72
1140,5,14.0,,81.0,16,27.0,35.0,2,2440.0
1141,7,15.6,2.0,43.0,8,,54.0,2,1142.8
1142,1,13.3,7.0,41.0,8,15.0,35.0,2,1629.0
1143,1,15.6,5.0,98.0,8,15.0,72.0,8,2229.0
1144,1,13.3,12.0,81.0,8,15.0,35.0,2,1799.0
1145,1,15.6,2.0,98.0,8,15.0,72.0,8,1899.0
1146,1,12.5,2.0,,8,15.0,35.0,8,2296.95
1147,4,15.6,2.0,65.0,8,15.0,52.0,2,1009.9
1148,1,15.6,2.0,0.0,8,15.0,35.0,8,1579.0
1149,5,14.0,,79.0,8,15.0,35.0,2,2339.0
1150,5,15.6,4.0,60.0,4,10.0,35.0,1,339.0
1151,1,15.6,4.0,63.0,4,24.0,10.0,2,297.0
1152,5,15.6,2.0,0.0,8,10.0,15.0,1,599.0
1153,4,15.6,2.0,43.0,8,10.0,,2,1199.0
1154,4,15.6,,57.0,8,15.0,,2,2250.68
1155,1,15.6,2.0,46.0,4,15.0,4.0,2,478.89
1156,7,17.3,2.0,43.0,16,,55.0,2,1492.8
1157,5,14.0,2.0,81.0,12,27.0,35.0,8,2299.0
1158,5,15.6,2.0,0.0,8,1.0,15.0,2,788.49
1159,1,13.3,12.0,81.0,8,27.0,35.0,2,2041.0
1160,5,14.0,2.0,81.0,8,15.0,35.0,8,1499.0
1161,7,14.0,2.0,98.0,16,,65.0,2,1769.0
1162,1,15.6,5.0,43.0,8,10.0,54.0,2,899.0
1163,5,15.6,4.0,60.0,8,10.0,35.0,2,459.0
1164,1,15.6,4.0,0.0,4,24.0,35.0,1,476.99
1165,4,15.6,,43.0,8,,55.0,2,1498.0
1166,5,15.6,5.0,94.0,8,15.0,40.0,2,1390.0
1167,5,15.6,2.0,6.0,4,10.0,,2,468.0
1168,1,14.0,4.0,68.0,2,21.0,29.0,2,249.0
1169,7,15.6,5.0,65.0,8,10.0,54.0,2,839.0
1170,1,15.6,2.0,79.0,8,15.0,35.0,2,679.0
1171,1,15.6,2.0,17.0,16,27.0,46.0,2,1159.0
1172,3,15.6,4.0,27.0,4,24.0,28.0,2,369.0
1173,5,15.6,4.0,0.0,4,24.0,35.0,1,398.0
1174,5,15.6,2.0,65.0,8,10.0,52.0,1,709.0
1175,3,14.0,2.0,90.0,4,15.0,40.0,2,769.0
1176,5,15.6,2.0,79.0,4,1.0,35.0,8,825.0
1177,5,15.6,5.0,98.0,16,27.0,,2,1305.0
1178,7,15.6,2.0,98.0,16,,65.0,2,2153.37
1179,1,15.6,4.0,64.0,4,24.0,35.0,2,650.0
1180,5,14.0,,0.0,8,15.0,35.0,2,1637.0
1181,5,15.6,2.0,65.0,6,15.0,48.0,2,831.0
1182,4,15.6,2.0,65.0,8,15.0,53.0,4,895.01
1183,2,15.6,4.0,,4,24.0,31.0,2,333.0
1184,1,15.6,5.0,98.0,6,10.0,63.0,2,799.0
1185,3,15.6,5.0,98.0,8,,63.0,2,909.0
1186,4,15.6,7.0,65.0,16,27.0,40.0,2,1179.0
1187,2,15.6,2.0,94.0,4,15.0,52.0,2,691.0
1188,4,13.3,11.0,41.0,8,15.0,35.0,4,1099.0
1189,2,17.3,5.0,43.0,16,,58.0,2,2599.0
1190,5,15.6,5.0,8.0,8,10.0,54.0,2,819.0
1191,15,12.3,26.0,4.0,4,21.0,27.0,7,659.0
1192,1,15.6,4.0,94.0,4,24.0,40.0,2,485.0
1193,0,12.0,17.0,99.0,8,14.0,37.0,3,1163.0
1194,4,13.3,6.0,94.0,8,15.0,40.0,2,1199.0
1195,1,15.6,5.0,43.0,12,,54.0,2,1327.0
1196,5,15.6,4.0,6.0,4,10.0,18.0,1,368.0
1197,3,17.3,5.0,98.0,16,,67.0,2,2150.0
1198,2,15.6,4.0,,4,10.0,31.0,4,272.0
1199,7,17.3,2.0,43.0,16,,57.0,2,2048.9
1200,4,15.6,4.0,60.0,4,4.0,21.0,2,499.0
1201,5,15.6,4.0,79.0,8,24.0,49.0,1,629.0
1202,4,15.6,7.0,17.0,16,27.0,46.0,2,1285.0
1203,4,13.3,11.0,65.0,16,27.0,40.0,2,2680.0
1204,3,15.6,2.0,98.0,8,10.0,57.0,2,1169.0
1205,4,15.6,2.0,94.0,8,15.0,22.0,2,889.0
1206,1,15.6,4.0,94.0,8,15.0,40.0,2,579.0
1207,5,15.6,4.0,28.0,4,24.0,10.0,2,299.0
1208,2,17.3,19.0,60.0,8,10.0,52.0,2,629.0
1209,3,15.6,2.0,43.0,16,,58.0,2,2449.0
1210,0,12.0,17.0,12.0,8,26.0,34.0,3,1279.0
1211,3,15.6,2.0,43.0,16,,57.0,2,1749.0
1212,7,17.3,5.0,98.0,16,,57.0,2,1948.99
1213,4,15.6,6.0,94.0,8,15.0,40.0,2,999.0
1214,3,17.3,2.0,43.0,16,,57.0,2,1949.0
1215,2,11.6,4.0,70.0,2,23.0,28.0,7,174.0
1216,2,17.3,19.0,6.0,4,10.0,52.0,2,598.0
1217,5,17.3,19.0,94.0,8,10.0,40.0,1,539.0
1218,5,15.6,5.0,98.0,8,,,2,1272.0
1219,2,14.0,6.0,5.0,8,15.0,39.0,2,1149.0
1220,5,15.6,5.0,81.0,8,15.0,35.0,2,1529.0
1221,7,15.6,2.0,98.0,8,,57.0,2,1476.11
1222,1,15.6,2.0,47.0,6,10.0,5.0,2,529.0
1223,4,12.5,7.0,41.0,8,15.0,35.0,8,1713.37
1224,4,15.0,7.0,90.0,4,24.0,40.0,2,509.0
1225,3,15.6,4.0,23.0,4,10.0,30.0,2,309.0
1226,4,13.3,11.0,65.0,8,15.0,40.0,2,1477.0
1227,4,15.6,4.0,94.0,4,10.0,35.0,4,521.86
1228,5,15.6,6.0,98.0,16,,63.0,2,1029.0
1229,7,15.6,2.0,43.0,8,,54.0,2,1149.0
1230,5,12.5,6.0,,16,27.0,35.0,2,1650.0
1231,13,14.0,2.0,43.0,16,11.0,57.0,2,3499.0
1232,4,15.6,21.0,90.0,8,10.0,40.0,2,469.01
1233,7,17.3,2.0,43.0,16,,57.0,2,1598.0
1234,0,11.6,4.0,14.0,4,14.0,38.0,3,959.0
1235,1,15.6,2.0,6.0,4,10.0,35.0,2,478.0
1236,1,14.0,23.0,79.0,8,15.0,35.0,8,2198.19
1237,4,15.6,4.0,0.0,4,24.0,35.0,8,737.0
1238,7,15.6,2.0,98.0,8,,63.0,2,1169.0
1239,5,13.3,5.0,65.0,16,27.0,40.0,2,1499.0
1240,5,15.6,2.0,87.0,6,15.0,5.0,2,597.57
1241,3,13.3,2.0,79.0,8,15.0,35.0,2,1280.0
1242,2,15.6,4.0,60.0,4,24.0,35.0,4,361.8
1243,4,17.3,7.0,65.0,16,27.0,52.0,2,1799.0
1244,1,14.0,2.0,0.0,4,15.0,35.0,8,1099.99
1245,3,15.6,5.0,43.0,16,,55.0,2,1600.0
1246,4,14.0,4.0,94.0,4,24.0,40.0,2,875.0
1247,3,15.6,5.0,98.0,16,,58.0,2,2325.0
1248,5,15.6,5.0,94.0,8,15.0,40.0,1,573.0
1249,4,13.3,11.0,21.0,8,15.0,39.0,2,1813.0
1250,4,15.6,4.0,23.0,4,24.0,28.0,4,324.0
1251,1,15.6,4.0,74.0,4,24.0,12.0,2,399.0
1252,5,15.6,2.0,64.0,6,4.0,49.0,2,569.0
1253,5,14.0,5.0,0.0,8,15.0,35.0,2,1072.0
1254,4,15.6,4.0,86.0,4,24.0,28.0,2,443.99
1255,3,15.6,4.0,66.0,4,10.0,31.0,2,339.0
1256,3,17.3,5.0,98.0,16,,65.0,2,1900.0
1257,4,15.6,4.0,6.0,4,24.0,35.0,2,490.0
1258,5,15.6,2.0,79.0,8,1.0,15.0,8,895.0
1259,7,15.6,2.0,98.0,8,,63.0,2,1229.0
1260,5,14.0,7.0,0.0,4,4.0,35.0,2,833.01
1261,3,13.3,5.0,,8,27.0,34.0,2,729.0
1262,4,15.6,4.0,90.0,6,10.0,40.0,2,459.0
1263,2,15.6,4.0,68.0,4,24.0,29.0,4,289.0
1264,4,15.6,4.0,27.0,2,24.0,28.0,2,379.0
1265,5,15.6,5.0,98.0,8,10.0,63.0,2,899.0
1266,1,15.6,2.0,97.0,6,1.0,21.0,2,549.99
1267,4,15.6,4.0,65.0,8,10.0,18.0,4,805.99
1268,1,11.6,4.0,68.0,2,21.0,29.0,2,209.0
1269,3,15.6,4.0,79.0,4,24.0,48.0,2,720.32
1270,5,14.0,6.0,79.0,4,4.0,35.0,2,638.0
1271,5,13.3,29.0,79.0,16,27.0,35.0,2,1499.0
1272,5,14.0,4.0,27.0,2,32.0,28.0,2,229.0
1273,1,15.6,4.0,79.0,6,10.0,15.0,2,764.0
1274,3,15.6,4.0,27.0,4,24.0,28.0,2,369.0
1275,3,13.3,5.0,,8,27.0,34.0,2,729.0
1276,4,15.6,4.0,90.0,6,10.0,40.0,2,459.0
1277,2,15.6,4.0,68.0,4,24.0,29.0,4,289.0
1278,4,15.6,4.0,27.0,2,24.0,28.0,2,379.0
1279,5,15.6,5.0,98.0,8,10.0,63.0,2,899.0
1280,1,15.6,2.0,97.0,6,1.0,21.0,2,549.99
1281,4,15.6,4.0,65.0,8,10.0,18.0,4,805.99
1282,1,11.6,4.0,68.0,2,21.0,29.0,2,209.0
1283,3,15.6,4.0,79.0,4,24.0,48.0,2,720.32
1284,5,14.0,6.0,79.0,4,4.0,35.0,2,638.0
1285,5,13.3,29.0,79.0,16,27.0,35.0,2,1499.0
1286,5,14.0,4.0,27.0,2,32.0,28.0,2,229.0
1287,1,15.6,4.0,79.0,6,10.0,15.0,2,764.0
1288,3,15.6,4.0,27.0,4,24.0,28.0,2,369.0
1289,3,13.3,5.0,,8,27.0,34.0,2,729.0
1290,4,15.6,4.0,90.0,6,10.0,40.0,2,459.0
1291,2,15.6,4.0,68.0,4,24.0,29.0,4,289.0
1292,4,15.6,4.0,27.0,2,24.0,28.0,2,379.0
1293,5,15.6,5.0,98.0,8,10.0,63.0,2,899.0
1294,1,15.6,2.0,97.0,6,1.0,21.0,2,549.99
1295,4,15.6,4.0,65.0,8,10.0,18.0,4,805.99
1296,1,11.6,4.0,68.0,2,21.0,29.0,2,209.0
1297,3,15.6,4.0,79.0,4,24.0,48.0,2,720.32
1298,5,14.0,6.0,79.0,4,4.0,35.0,2,638.0
1299,5,13.3,29.0,79.0,16,27.0,35.0,2,1499.0
1300,5,14.0,4.0,27.0,2,32.0,28.0,2,229.0
1301,1,15.6,4.0,79.0,6,10.0,15.0,2,764.0
1302,3,15.6,4.0,27.0,4,24.0,28.0,2,369.0
